"Timestamp","How would you rate yourself (on a 1 to 5 scale, with 5 being ""very confident"" and 1 being ""not confident"") in terms of your competence/confidence with technology overall?","How would you rate yourself (on a 1 to 5 scale, with 5 being ""very confident"" and 1 being ""not confident"") in terms of your competence/confidence in using technology for teaching and learning?","Configuring and synching mail accounts with applications to receive mail (computer, iPad, smartphone, etc.)","Subscribing/Unsubscribing to a Listserv","Creating a list to send email to several people at once","Sending email attachments","Finding copies of outgoing email that I have sent","Downloading and installing software","Using a spreadsheet to create a graph or chart	","Creating a newsletter with graphics, text, and columns","Saving documents in formats so that others can read them if they have different word processing programs (e.g. saving as .doc, .rtf, or .txt)","Using the track changes feature of Word","Cutting, copying, and pasting text within an application and between multiple open applications","Using the computer to create a slide show presentation","Creating a database of information in Microsoft Access","Protecting my computer from viruses and spyware","Editing a digital picture in a program like Photoshop","Creating animation in Flash","Filming and editing a movie using digital video editing software","Creating and editing a podcast (or similar audio segment) using audio editing software","Creating an app for a smartphone","Using 3-D printing capabilities","Working with augmented reality, and/or mobile augmented reality","Using advanced features of internet search engine to find web sites related to my subject matter interests","Finding primary source material on the internet","Creating and posting my own webpage, blog, or wiki with links, images, etc.","Keeping track of Web sites I have visited so that I can return to them later","Using social bookmarking websites such as delicious, diigo, furl, etc","Using the history on a wiki or Google doc","Using bibliographic web tools such as Mendeley and Zotero","Saving documents to ""the cloud""","Host, install and manage applications such as Wordpress, Moodle, Drupal, or Cpanel","Using Skype to collaborate with individuals who are distant from my classroom or workplace","Customizing privacy settings","Using Facebook","Using Twitter","Using Pinterest","Using Google +","Creating collaborative group spaces","Using cloud storage services","Taking and sending photos from a smartphone","Downloading apps on a smartphone","Configuring a device (computer, smartphone, iPad, etc) to connect to a network (wired or wireless)","Using a digital camera to take pictures and transfer them to your computer","Writing a grant (including a budget) for technology in my classroom or workplace","Using GPS navigation tools	","Finding the size of a file on your computer","Getting around firewalls","Please list off several items or topics (around 3-5) related to technology and/or learning that seemed to be most important to you.  What ideas, technologies, etc., do you think will most ""stick with you""?"
"2016/07/27 3:12:08 AM GMT","4","4","5","5","5","5","5","5","3","5","5","5","5","5","2","4","3","2","3","3","2","2","3","5","5","4","4","3","5","4","4","3","3","4","4","4","4","3","4","4","5","5","5","5","3","4","5","4","Digital imaging
Motivation
Backwards design
Assessing and addressing misconceptions"
"2016/07/27 1:28:51 PM GMT","4","4","5","5","5","5","5","5","4","4","5","4","5","5","4","5","4","3","5","4","3","3","4","5","4","4","4","4","4","3","5","5","4","5","5","5","2","3","4","4","5","5","5","5","4","5","4","3","All of the tech tips were amazing. The design thinking was very helpful. The SMAR model with TPACK was also great. "
"2016/07/27 4:14:38 PM GMT","4","4","4","4","5","5","5","5","5","4","5","5","5","5","3","3","4","2","4","4","2","2","2","4","4","4","5","2","4","2","3","4","4","4","5","4","5","4","4","4","5","5","5","5","4","5","5","3","Our discussions/project about how misconceptions affect future learning and that we have to understand what misconceptions students hold in order to get rid of them really stuck with me. 

The different levels of the SAMR model definitely made me rethink how I use technology within the classroom. 

It was also interesting creating the Ignite slides/presentations. It helped me to think about how I might be able to present content in my classroom in a similar fashion. The short length and fast speed definitely helps to keep the attention of the audience. 

"
"2016/07/28 2:46:11 AM GMT","4","4","5","5","4","5","5","5","5","5","5","5","5","5","2","5","4","3","4","4","2","4","4","4","4","4","5","5","5","3","5","4","5","5","5","4","4","4","4","5","5","5","5","5","4","5","5","3","The idea of misconceptions that students have and how memory really works. 

I'm more confident with webinars, video editing and editing photos."
"2016/07/28 2:58:05 AM GMT","3","3","5","4","5","5","5","5","5","5","5","1","5","5","1","3","5","1","5","1","1","2","1","4","3","5","2","1","2","1","3","1","3","3","5","4","1","3","3","3","5","5","3","4","4","5","5","1","Memory, video editing, webinar, "
"2016/07/28 12:35:59 PM GMT","5","4","5","4","5","5","5","5","5","5","5","5","5","5","5","5","5","4","5","5","4","4","4","5","5","5","5","4","5","4","5","5","5","5","5","5","5","5","5","5","5","5","5","5","5","5","5","4","The ideas of motivation.  
How to create a webinar.
Looking at the big ideas."
"2016/07/28 2:19:53 PM GMT","4","4","5","1","5","5","5","5","5","5","5","5","5","5","5","4","5","1","5","5","1","1","5","5","5","5","5","5","5","4","4","5","4","5","5","5","5","5","5","4","5","5","5","5","5","5","5","5","Understanding
Making Ideas Sticky
Flow
"
"2016/07/28 2:28:48 PM GMT","4","3","5","3","5","5","5","5","5","5","5","5","5","5","3","4","4","3","5","5","1","3","3","5","4","5","5","3","4","2","5","5","5","5","5","5","4","4","5","5","5","5","5","5","4","5","5","1","Writing and maintaining a classroom blog
Using social media as a means for professional development
Using a photo editor to modify photos"
"2016/07/28 3:18:48 PM GMT","4","4","5","5","5","5","5","5","4","4","4","3","5","5","2","4","4","4","4","3","2","2","3","5","5","5","5","4","4","1","4","3","3","4","5","4","5","4","4","5","5","5","5","5","4","5","5","4","-video recording and editing
-building a website
-image editing
-copyright guidelines"
"2016/07/28 6:30:41 PM GMT","4","4","5","5","5","5","5","5","3","4","5","3","5","5","1","4","3","1","3","1","1","1","1","5","5","5","5","5","5","1","5","5","3","4","4","4","4","4","4","4","4","4","4","4","2","4","4","1","Creating videos (need more practice)
Photo editing (need more practice)
Setting up a WordPress site"
"2016/07/28 6:49:53 PM GMT","4","4","5","3","5","5","5","5","4","5","5","5","5","5","1","4","4","2","4","2","1","3","3","4","3","4","5","2","4","3","5","2","3","5","5","4","5","3","4","5","5","5","5","5","4","5","5","1","Understanding that students come into our classrooms with background knowledge and often many misconceptions.  As teachers, we need to help students confront those misconceptions.

To be careful when praising students and to make sure to focus on the process, effort, etc. rather than intelligence.

How to create and edit a video using a program like Camtasia.
"