"Timestamp","How would you rate yourself (on a 1 to 5 scale, with 5 being ""very confident"" and 1 being ""not confident"") in terms of your confidence in using technology overall?","How would you rate yourself (on a 1 to 5 scale, with 5 being ""very confident"" and 1 being ""not confident"") in terms of your confidence in using technology for teaching and learning?","Configuring and synching mail accounts with applications to receive mail (computer, iPad, smartphone, etc.)","Subscribing/Unsubscribing to a Listserv","Creating a list to send email to several people at once","Sending email attachments","Finding copies of outgoing email that I have sent","Downloading and installing software","Using a spreadsheet to create a graph or chart	","Creating a newsletter with graphics, text, and columns","Saving documents in formats so that others can read them if they have different word processing programs (e.g. saving as .doc, .rtf, or .txt)","Using the track changes feature of Word","Cutting, copying, and pasting text within an application and between multiple open applications","Using the computer to create a slide show presentation","Creating a database of information in Microsoft Access","Protecting my computer from viruses and spyware","Editing a digital picture in a program like Photoshop","Creating animation in Flash","Filming and editing a movie using digital video editing software","Creating and editing a podcast (or similar audio segment) using audio editing software","Creating an app for a smartphone","Using 3-D printing capabilities","Working with augmented reality, and/or mobile augmented reality","Using advanced features of internet search engine to find web sites related to my subject matter interests","Finding primary source material on the internet","Creating and posting my own webpage, blog, or wiki with links, images, etc.","Keeping track of Web sites I have visited so that I can return to them later","Using social bookmarking websites such as delicious, diigo, furl, etc","Using the history on a wiki or Google doc","Using bibliographic web tools such as Mendeley and Zotero","Saving documents to ""the cloud""","Host, install and manage applications such as Wordpress, Moodle, Drupal, or Cpanel","Using Skype to collaborate with individuals who are distant from my classroom or workplace","Customizing privacy settings","Using Facebook","Using Twitter","Using Pinterest","Using Google +","Creating collaborative group spaces","Using cloud storage services","Taking and sending photos from a smartphone","Downloading apps on a smartphone","Configuring a device (computer, smartphone, iPad, etc) to connect to a network (wired or wireless)","Using a digital camera to take pictures and transfer them to your computer","Writing a grant (including a budget) for technology in my classroom or workplace","Using GPS navigation tools	","Finding the size of a file on your computer","Getting around firewalls","Please list off several items or topics (around 3-5) related to technology and/or learning that seemed to be most important to you.  What ideas, technologies, etc., do you think will most ""stick with you""?"
"2017/08/15 9:11:30 PM GMT","4","4","4","4","5","5","5","5","4","4","5","1","3","5","1","2","5","2","2","2","1","1","3","3","3","5","4","4","4","4","3","4","4","3","4","5","4","2","4","2","5","5","5","5","5","3","2","2","Webinars, Google Hangout, presentations using Google Slides, Google Pages, Collaborating"
"2017/08/16 1:37:43 AM GMT","4","5","5","5","5","5","5","5","5","5","5","4","5","5","4","4","4","4","5","3","1","2","4","4","5","5","5","4","5","5","5","4","4","5","5","5","5","5","5","5","5","5","5","5","5","5","5","2","Appropriate forms of praise, getting the opportunity to present at a Steamlab conference, teaching that sticks (steps), conventionalism (pre/post), expectancy value theory "
"2017/08/16 7:45:56 AM GMT","4","4","4","5","5","5","5","5","4","5","4","5","5","5","3","4","4","3","4","4","2","2","4","4","4","5","5","3","5","3","4","3","5","4","5","5","5","4","4","4","5","5","4","5","4","5","4","3","TPACK, LMS, augmented reality, website design"
"2017/08/16 7:53:18 AM GMT","4","5","5","5","5","5","5","5","5","5","5","4","5","5","1","4","3","2","4","4","2","2","4","5","5","5","5","3","4","3","5","3","4","5","5","4","1","1","4","5","5","5","5","5","4","4","5","3","Using tech to augment teaching; using the design process to develop curriculum; using videos to show understanding"
"2017/08/16 3:06:01 PM GMT","5","4","4","5","5","5","5","5","4","5","5","4","5","5","2","4","4","2","5","5","1","1","4","4","4","5","5","2","3","1","5","4","4","5","5","4","5","4","4","4","5","5","5","5","4","5","3","3","Information literacy, TPACK, 21st century skills"
"2017/08/16 3:58:41 PM GMT","4","5","5","5","5","5","5","4","4","5","5","5","5","5","2","3","5","2","2","5","3","3","4","5","5","5","5","3","5","4","4","5","5","5","5","5","5","5","5","5","5","5","5","5","5","5","5","3","Webinar, grant proposal, tech tips"
"2017/08/16 6:52:37 PM GMT","4","4","2","3","3","5","5","4","3","4","4","2","4","4","2","4","4","2","4","2","2","3","3","3","2","4","4","2","4","2","4","4","3","2","4","3","2","2","3","4","5","5","4","3","3","5","4","3","word press, movati movie editor, and google docs"
"2017/08/17 3:53:24 PM GMT","5","4","5","5","5","5","5","5","4","5","5","3","5","5","4","4","5","5","5","5","2","3","4","4","4","5","5","4","5","5","5","5","5","4","4","4","4","4","4","4","5","5","5","5","5","4","5","4","failure, perspective, motivation"
"2017/08/17 5:17:35 PM GMT","4","4","4","2","5","5","5","5","3","5","5","5","5","5","3","4","4","2","3","2","2","3","5","5","5","5","5","2","5","3","5","5","5","5","5","5","5","4","4","5","5","5","5","5","4","5","5","1","1) Tech isn't one size fits all- it's about selecting the best tool that will enhance learning experiences. 2) How to determine if a tool/educational resource is actually 'researched based' & what's  best for education. 3) Teaching for conceptual change."
"2017/08/17 6:07:58 PM GMT","4","4","5","4","5","5","5","5","4","5","5","5","5","5","2","3","3","1","3","1","1","3","3","4","3","4","4","1","3","1","2","3","2","4","5","3","4","4","4","4","5","5","5","5","3","5","5","1","presenting at steam lab, tech tips and design thinking (hub)"
"2017/08/17 7:22:44 PM GMT","4","4","4","5","5","5","5","5","2","4","5","5","5","5","1","4","4","1","3","3","1","1","2","3","4","5","5","2","5","2","4","3","5","4","4","4","2","2","4","4","5","5","5","5","3","5","4","1","Maker education in the (English) classroom; integrating design thinking projects to solve authentic problems; using the internet to connect students to authentic audiences; using technology to enhance reflection; intersection of technology and growth mindset"
"2017/08/17 7:32:54 PM GMT","5","4","4","3","5","5","5","5","4","5","5","5","5","5","3","4","3","2","2","2","2","2","3","5","5","5","5","3","4","2","4","3","5","5","5","5","2","3","4","5","5","5","5","4","4","5","5","3","Augmented reality, programming, and data collection. "
"2017/08/18 3:36:35 PM GMT","4","4","4","3","5","5","5","5","5","5","5","4","5","5","5","4","4","4","4","4","4","4","5","5","4","5","5","5","5","4","5","5","5","5","5","5","5","5","5","5","5","5","5","5","4","5","5","4","Design thinking, TPACK"