"Timestamp","How would you rate yourself (on a 1 to 5 scale, with 5 being ""very confident"" and 1 being ""not confident"") in terms of your competence/confidence with technology overall?","How would you rate yourself (on a 1 to 5 scale, with 5 being ""very confident"" and 1 being ""not confident"") in terms of your competence/confidence in using technology for teaching and learning?","Configuring and synching mail accounts with applications to receive mail (computer, iPad, smartphone, etc.)","Subscribing/Unsubscribing to a Listserv","Creating a list to send email to several people at once","Sending email attachments","Finding copies of outgoing email that I have sent","Downloading and installing software","Using a spreadsheet to create a graph or chart	","Creating a newsletter with graphics, text, and columns","Saving documents in formats so that others can read them if they have different word processing programs (e.g. saving as .doc, .rtf, or .txt)","Using the track changes feature of Word","Cutting, copying, and pasting text within an application and between multiple open applications","Using the computer to create a slide show presentation","Creating a database of information in Microsoft Access","Protecting my computer from viruses and spyware","Editing a digital picture in a program like Photoshop","Creating animation in Flash","Filming and editing a movie using digital video editing software","Creating and editing a podcast (or similar audio segment) using audio editing software","Creating an app for a smartphone","Using 3-D printing capabilities","Working with augmented reality, and/or mobile augmented reality","Using advanced features of internet search engine to find web sites related to my subject matter interests","Finding primary source material on the internet","Creating and posting my own webpage, blog, or wiki with links, images, etc.","Keeping track of Web sites I have visited so that I can return to them later","Using social bookmarking websites such as delicious, diigo, furl, etc","Using the history on a wiki or Google doc","Using bibliographic web tools such as Mendeley and Zotero","Saving documents to ""the cloud""","Host, install and manage applications such as Wordpress, Moodle, Drupal, or Cpanel","Using Skype to collaborate with individuals who are distant from my classroom or workplace","Customizing privacy settings","Using Facebook","Using Twitter","Using Pinterest","Using Google +","Creating collaborative group spaces","Using cloud storage services","Taking and sending photos from a smartphone","Downloading apps on a smartphone","Configuring a device (computer, smartphone, iPad, etc) to connect to a network (wired or wireless)","Using a digital camera to take pictures and transfer them to your computer","Writing a grant (including a budget) for technology in my classroom or workplace","Using GPS navigation tools	","Finding the size of a file on your computer","Getting around firewalls","Please list off several items or topics (around 3-5) related to technology and learning that you would like to learn more about."
"2015/07/08 4:45:46 PM GMT","5","4","5","1","5","5","5","5","5","5","5","5","5","5","1","3","3","1","5","2","1","1","1","3","3","5","5","4","5","1","5","4","4","4","5","5","5","5","5","5","5","5","5","5","3","5","5","3","Gasification, Mastery learning"
"2015/07/08 4:59:23 PM GMT","5","4","5","3","4","5","5","5","4","5","4","3","5","5","1","4","3","1","4","3","2","2","2","4","3","5","5","3","5","1","5","4","4","5","5","5","3","4","4","5","5","5","4","5","3","5","5","2","The Maker's Movement, Photoshop/photo editing"
"2015/07/08 5:15:32 PM GMT","5","5","5","5","5","5","5","5","4","5","5","4","5","5","1","3","3","2","3","4","1","1","2","5","5","5","5","5","5","3","5","5","5","5","5","5","4","2","5","5","5","5","5","5","3","5","5","3","Video/Image Editing

STEM

3d printing in classrooms 
Elementary ed tech curriculum "
"2015/07/08 5:17:13 PM GMT","4","4","4","3","5","5","5","4","3","4","5","4","5","5","2","3","3","3","4","4","1","3","3","4","4","4","4","3","4","3","4","4","4","4","4","4","3","3","4","4","5","5","5","4","4","4","3","2","Social media in the classroom 
Cloud sharing in the classroom (Google classroom)
Group sharing (classroom posts and sharing features)"
"2015/07/08 5:17:34 PM GMT","3","3","4","3","4","5","5","4","5","4","3","4","4","5","1","3","3","2","3","3","1","4","1","2","2","3","3","3","3","1","3","3","2","3","4","3","1","3","3","3","5","5","5","4","4","4","4","2","~ Google classroom (or other classroom management software)
~ Flipped classroom things/methods
~ Overall deeper knowledge of major technologies in education.  I have a brief knowledge of a lot of technologies but I do not have a deep knowledge of many."
"2015/07/08 5:17:39 PM GMT","5","4","4","4","4","5","5","5","4","5","5","5","5","5","1","4","4","2","3","3","1","5","2","5","5","5","5","5","5","4","5","3","5","5","5","5","5","4","3","5","5","5","5","5","2","5","5","4","Creating flash animations/GIFs
Sketchup (more in-depth)
"
"2015/07/08 5:19:05 PM GMT","4","3","4","2","5","5","5","5","5","3","5","5","5","5","2","1","1","1","3","1","1","1","1","5","5","4","5","3","5","1","4","5","3","4","5","5","5","2","3","5","5","5","5","5","2","5","3","2","I want to try to flip my classroom. I have tried in the past, but not frequently. I also want to start a ""genius hour""-type project that requires students to research and connect with people about a topic of their choosing. Finally, I want to try more project based learning using education. My school is 1:1 with computers, so there is a lot of potential for these types of inquiry based projects. "
"2015/07/08 5:19:09 PM GMT","4","4","3","2","3","5","5","5","4","3","5","4","5","5","1","3","2","1","2","2","1","2","1","5","4","5","5","3","5","1","5","3","5","4","5","4","5","3","3","5","5","5","5","5","2","5","3","1","Digital Literacy
Digital footprint and Netizenship
Applying technology in an English classroom beyond web-publishing "
"2015/07/08 5:21:47 PM GMT","4","4","4","3","5","5","5","5","5","4","5","5","5","5","2","3","4","4","5","3","3","4","4","5","4","4","4","4","4","3","5","5","4","3","3","5","4","4","5","5","5","5","5","5","4","5","4","3","applicable programs for in the classroom used for gauging students understanding, advanced video and sound editing, compressing and converting videos, advanced website creator manipulation/tips and tricks."
"2015/07/08 5:21:51 PM GMT","4","3","5","2","4","5","5","5","2","3","3","2","5","5","3","4","4","2","3","3","1","1","1","4","4","4","5","4","4","2","5","5","5","5","5","3","5","4","4","4","5","5","5","5","1","5","2","1","1. Using iPads to teach content (apps, etc. that can help younger students learn)
2. Writing technologies to support students that are motivating to them and help me keep track of assignments and grades
3. How to get students to want to learn! 
4. How to use technology to collaborate with a staff that isn't open to communication, peer-evaluation, co-teaching/planning, and inquiry-based learning "
"2015/07/08 5:22:59 PM GMT","3","4","3","2","5","5","4","4","3","4","5","2","5","5","2","3","4","1","4","3","1","3","1","4","3","3","2","2","3","1","3","3","4","4","5","3","5","3","2","3","4","5","5","5","2","5","3","1","using movie making software to the best of my ability 
Evernote
twitter - I use it for class and not much more.  I would like to be able to use it more freely with ease. 
flickr
"