"Timestamp","How would you rate yourself (on a 1 to 5 scale, with 5 being ""very confident"" and 1 being ""not confident"") in terms of your confidence in using technology overall?","How would you rate yourself (on a 1 to 5 scale, with 5 being ""very confident"" and 1 being ""not confident"") in terms of your confidence in using technology for teaching and learning?","Configuring and synching mail accounts with applications to receive mail (computer, iPad, smartphone, etc.)","Subscribing/Unsubscribing to a Listserv","Creating a list to send email to several people at once","Sending email attachments","Finding copies of outgoing email that I have sent","Downloading and installing software","Using a spreadsheet to create a graph or chart	","Creating a newsletter with graphics, text, and columns","Saving documents in formats so that others can read them if they have different word processing programs (e.g. saving as .doc, .rtf, or .txt)","Using the track changes feature of Word","Cutting, copying, and pasting text within an application and between multiple open applications","Using the computer to create a slide show presentation","Creating a database of information in Microsoft Access","Protecting my computer from viruses and spyware","Editing a digital picture in a program like Photoshop","Creating animation in Flash","Filming and editing a movie using digital video editing software","Creating and editing a podcast (or similar audio segment) using audio editing software","Creating an app for a smartphone","Using 3-D printing capabilities","Analyzing data, using software such as Microsoft Excel, Google Sheets, or other tools","Working with augmented reality, and/or mobile augmented reality","Using advanced features of internet search engine to find web sites related to my subject matter interests","Finding primary source material on the internet","Creating and posting my own webpage, blog, or wiki with links, images, etc.","Keeping track of Web sites I have visited so that I can return to them later","Using social bookmarking websites such as delicious, diigo, furl, etc","Using the history on a wiki or Google doc","Using bibliographic web tools such as Mendeley and Zotero","Saving documents to ""the cloud""","Host, install and manage applications such as Wordpress, Moodle, Drupal, or Cpanel","Using Skype to collaborate with individuals who are distant from my classroom or workplace","Customizing privacy settings","Using Facebook","Using Twitter","Using Pinterest","Using Google +","Creating collaborative group spaces","Using cloud storage services","Taking and sending photos from a smartphone","Downloading apps on a smartphone","Configuring a device (computer, smartphone, iPad, etc) to connect to a network (wired or wireless)","Using a digital camera to take pictures and transfer them to your computer","Writing a grant (including a budget) for technology in my classroom or workplace","Using GPS navigation tools	","Finding the size of a file on your computer","Getting around firewalls","Please list off several items or topics (around 3-5) related to technology and learning that you would like to learn more about.","Please enter the number of fellow MAET students in this class you feel like you could go to for help. It's okay if you don't know who is in the class or if you don't know anyone yet - that's part of the point of this question! "
"2016/06/20 3:53:37 PM GMT","4","4","4","4","4","5","5","5","3","4","5","4","4","5","2","4","3","1","2","1","1","2","","3","5","5","4","4","3","4","5","4","4","4","4","4","3","3","2","4","4","5","5","4","5","3","3","4","3","photo editing (beyond simple apps)
Augmented Reality
graphic design",""
"2016/06/20 3:54:19 PM GMT","5","5","5","1","5","5","5","5","4","4","5","3","5","5","4","4","4","3","5","3","1","2","","3","5","4","4","5","4","5","3","5","5","5","5","5","4","2","3","4","4","5","5","5","5","4","5","5","3","Lessons that use TPACK correctly. Unique project ideas. More concrete ways to keep students from being ""bored."" Doing a lot with a little. ",""
"2016/06/20 3:54:53 PM GMT","4","4","3","5","3","5","5","5","3","2","4","3","5","4","1","4","3","2","2","1","1","4","","1","4","2","4","4","3","4","1","4","2","3","4","4","3","4","3","3","4","5","5","4","5","1","2","2","2","tools to effective give student feedback on summative assessment (less time consuming for teacher)

3d printing in the classroom--how to incorporate especially with only 1 printer

how to best manage twitter pd without being overwhelmed



",""
"2016/06/20 3:55:04 PM GMT","4","4","4","5","3","5","5","5","3","4","4","2","5","5","1","3","4","4","3","3","1","1","","1","4","4","5","5","3","4","2","4","3","3","4","5","3","5","3","3","3","4","4","4","4","1","4","4","3","Using tech to accelerate/automate (some) grading.
Using tech with limited computer access in a classroom.
Managing tech distractions in a classroom.
",""
"2016/06/20 3:55:17 PM GMT","4","4","5","3","5","5","5","5","5","4","5","5","5","5","2","4","4","2","4","2","1","1","","2","5","4","5","5","1","4","3","4","4","5","5","5","4","5","5","5","4","5","5","5","5","2","5","5","3","I would like to learn more about augmented reality. 

I would like to learn more about ways to use technology to differentiate instruction. 

I would like to learn more about computer coding. ",""
"2016/06/20 3:55:28 PM GMT","4","4","5","2","5","5","5","5","4","3","5","5","5","5","1","5","2","1","4","3","1","3","","1","5","5","4","5","3","3","1","5","4","5","5","5","5","5","5","5","5","5","5","5","5","3","5","5","2","creating/designing custom graphics

making my own smart phone apps

writing code

incorporating digital games into my classroom",""
"2016/06/20 3:55:50 PM GMT","5","4","4","4","5","5","5","5","5","5","5","5","5","5","5","4","5","4","5","5","4","4","","3","5","5","5","5","5","4","2","5","4","4","3","3","3","4","4","4","5","4","4","4","4","5","3","5","4","Google Classroom
Using technology in classroom management
Best ways to use technology to differentiate instruction",""
"2016/06/20 3:58:30 PM GMT","4","4","3","3","5","5","5","4","2","4","5","1","5","5","1","3","1","1","1","1","1","1","","1","5","4","5","5","1","5","1","5","4","1","4","4","2","5","1","1","3","3","4","4","4","1","3","3","1","Web development languages and tools, specifically JavaScript
Creating Podcasts
",""
"2016/06/20 3:58:43 PM GMT","3","3","3","1","3","5","5","3","4","3","5","2","5","5","1","2","3","1","3","2","1","2","","1","3","2","3","2","1","3","1","2","2","4","2","5","3","1","2","3","2","5","5","3","5","2","4","4","2","using the Cloud, how to organize shared documents with students in Google so its not so overwhelming",""
"2016/06/20 3:59:28 PM GMT","3","3","3","1","5","5","5","4","5","4","4","1","5","5","1","1","3","1","4","1","1","1","","4","5","3","4","5","1","5","1","2","3","3","5","5","5","5","4","3","2","5","5","5","5","3","5","4","4","Gaming in the classroom
Integrating chromebooks in a 1-1 classroom
",""
"2016/06/20 4:01:47 PM GMT","4","3","3","1","5","5","5","3","3","4","4","4","5","5","1","3","4","1","3","1","1","1","","2","4","2","4","5","1","4","3","3","1","3","4","5","4","5","3","2","3","5","5","4","5","3","5","4","1","various educational apps
more about coding (and how to teach students that skill)
using technology to aid in assessment",""
"2017/07/04 12:02:10 AM GMT","4","4","5","5","5","5","5","5","4","4","5","2","5","5","1","4","3","1","2","2","1","2","Option 1","2","4","4","4","4","3","3","2","4","1","3","4","5","3","1","2","4","4","5","5","5","5","1","5","5","3","Best practices for teaching Technology PD; writing grants; motivating teachers to use tech in the classroom","I know three that are definitely coming and I know I can go to all three for help. "
"2017/07/04 12:47:43 AM GMT","4","4","4","3","5","5","5","5","2","5","5","4","5","5","2","5","5","2","3","3","1","3","Option 1","4","3","4","4","5","3","2","2","5","3","5","5","5","5","5","3","5","5","5","5","5","5","4","5","5","1","3D printing, integrating coding & robotics into curriculum, video editing, Microsoft programs for the classroom ","5+"
"2017/07/04 5:22:19 AM GMT","4","5","4","4","5","5","5","4","4","5","4","5","5","5","2","4","4","2","3","2","1","2","Option 1","2","3","3","5","4","2","4","2","3","3","5","4","5","5","5","3","4","3","5","5","5","4","3","4","4","3","Augmented reality, movie editing, digital portfolios like SeeSaw","3"
"2017/07/04 6:01:51 PM GMT","4","4","3","5","5","5","5","5","2","4","5","5","5","5","1","3","2","1","3","3","1","1","Option 1","1","3","4","5","5","1","5","3","5","3","5","4","5","4","1","2","5","5","5","5","5","5","2","4","5","1","Assessing the effectiveness of ed tech and how to separate hype from real learning that demands the ed tech; ed tech as a means for civic engagement (how to use tech to solve real-world problems facing students and their communities); ed tech and the role it can play in encouraging students to demonstrate a growth mindset; and incorporating ed tech into project-based and problem-based learning in the classroom (particularly high school English classrooms).","100%"
"2017/07/05 12:58:14 AM GMT","4","3","4","2","3","5","5","4","3","4","4","3","4","4","2","2","3","1","3","2","1","1","Option 1","1","2","3","4","3","1","1","1","2","2","3","4","5","4","5","3","2","3","5","5","4","4","3","4","3","2","Technology in the elementary classroom, OneDrive for Microsoft or Google Drive in the classroom, using Microsoft programs for data","0"
"2017/07/05 3:09:56 PM GMT","3","3","2","1","3","4","4","3","1","2","3","1","3","4","1","2","1","1","1","1","1","2","Option 1","1","2","2","3","4","1","1","1","3","3","2","4","4","2","1","1","1","2","5","5","1","4","1","3","2","1","App design, Uses for technology in the classroom, video editing and student use, and general technology usage. ","All of them"
"2017/07/05 3:11:43 PM GMT","4","3","5","4","4","5","5","5","4","4","5","4","4","5","3","4","3","3","4","3","2","3","Option 1","3","3","3","4","4","3","3","2","4","3","3","4","5","5","5","2","4","4","5","5","5","5","3","5","4","3","TPACK, ","4"
"2017/07/05 5:50:39 PM GMT","4","4","4","5","4","5","5","4","4","4","5","5","5","5","2","3","5","3","4","4","3","4","Option 1","4","4","5","5","5","2","5","5","4","5","5","5","5","5","5","4","5","4","5","5","5","5","3","5","5","2","Writing grants, getting around firewalls, creating databases, using sheets to create graphs/charts","3"
"2017/07/05 6:02:09 PM GMT","4","4","3","3","3","5","5","5","4","4","5","5","5","5","2","3","3","2","3","2","1","1","Option 1","2","4","3","4","4","1","3","1","4","3","3","5","5","5","2","3","2","4","5","5","5","4","1","4","5","2","Using technology for business. Computer programming. Maker education. Technology for creating music. Technology for creating art. ","3"
"2017/07/05 7:40:07 PM GMT","2","3","3","3","3","3","3","2","3","3","3","3","3","3","3","3","3","4","4","4","4","4","Option 1","2","3","3","4","4","4","4","4","3","4","4","4","4","4","4","4","4","4","4","4","4","4","4","4","4","4","asdfsd",""
"2017/07/06 1:01:32 PM GMT","3","2","4","4","4","4","4","2","3","1","2","1","2","3","1","1","1","1","1","1","1","1","3","3","3","3","3","2","1","3","2","2","2","1","2","1","4","5","1","2","3","5","5","4","2","3","3","1","1","Using technology in my 3rd grade classroom, sharing technology use with other staff members, finding/using resources that are free of cost. ","2-3 "
"2017/07/07 12:58:58 PM GMT","4","4","5","3","4","5","5","5","3","3","5","4","5","5","1","3","3","1","4","1","1","3","4","4","5","2","3","3","2","4","1","3","3","4","5","5","3","4","3","4","4","5","5","5","5","1","5","4","1","AR ; Digital Citizenship for younger students/parents ; How can we (as teachers) assess technology based projects with meaningful feedback? ; STEAM classes in schools ; *I'm interested in learning about any applications/topics that relate back to my current needs in the classroom.","I think I know 2/3 peers who are returning this year!"
"2017/07/07 8:03:47 PM GMT","4","4","5","5","4","5","5","5","5","5","5","3","5","5","3","3","4","3","4","1","1","3","4","3","4","4","4","4","3","4","4","5","4","3","5","5","5","5","5","5","5","5","5","5","5","5","5","4","2","virtual field trips/skype
digital portfolios/platforms ie: Seesaw
video/podcast editing
","I don't know anyone yet, but I imagine I would feel comfortable with most people"
"2017/07/10 10:47:26 AM GMT","5","5","4","5","4","5","4","4","4","4","4","3","4","4","3","4","5","3","5","3","1","1","3","1","3","4","4","4","3","4","4","3","3","3","3","4","3","4","3","3","3","3","3","3","5","4","4","4","2","Social media, integration, digital communication","0"