"Timestamp","How would you rate yourself (on a 1 to 5 scale, with 5 being ""very confident"" and 1 being ""not confident"") in terms of your competence/confidence with technology overall?","How would you rate yourself (on a 1 to 5 scale, with 5 being ""very confident"" and 1 being ""not confident"") in terms of your competence/confidence in using technology for teaching and learning?","Configuring and synching mail accounts with applications to receive mail (computer, iPad, smartphone, etc.)","Subscribing/Unsubscribing to a Listserv","Creating a list to send email to several people at once","Sending email attachments","Finding copies of outgoing email that I have sent","Downloading and installing software","Using a spreadsheet to create a graph or chart	","Creating a newsletter with graphics, text, and columns","Saving documents in formats so that others can read them if they have different word processing programs (e.g. saving as .doc, .rtf, or .txt)","Using the track changes feature of Word","Cutting, copying, and pasting text within an application and between multiple open applications","Using the computer to create a slide show presentation","Creating a database of information in Microsoft Access","Protecting my computer from viruses and spyware","Editing a digital picture in a program like Photoshop","Creating animation in Flash","Filming and editing a movie using digital video editing software","Creating and editing a podcast (or similar audio segment) using audio editing software","Creating an app for a smartphone","Using 3-D printing capabilities","Working with augmented reality, and/or mobile augmented reality","Using advanced features of internet search engine to find web sites related to my subject matter interests","Finding primary source material on the internet","Creating and posting my own webpage, blog, or wiki with links, images, etc.","Keeping track of Web sites I have visited so that I can return to them later","Using social bookmarking websites such as delicious, diigo, furl, etc","Using the history on a wiki or Google doc","Using bibliographic web tools such as Mendeley and Zotero","Saving documents to ""the cloud""","Host, install and manage applications such as Wordpress, Moodle, Drupal, or Cpanel","Using Skype to collaborate with individuals who are distant from my classroom or workplace","Customizing privacy settings","Using Facebook","Using Twitter","Using Pinterest","Using Google +","Creating collaborative group spaces","Using cloud storage services","Taking and sending photos from a smartphone","Downloading apps on a smartphone","Configuring a device (computer, smartphone, iPad, etc) to connect to a network (wired or wireless)","Using a digital camera to take pictures and transfer them to your computer","Writing a grant (including a budget) for technology in my classroom or workplace","Using GPS navigation tools	","Finding the size of a file on your computer","Getting around firewalls","Please list off several items or topics (around 3-5) related to technology and/or learning that seemed to be most important to you.  What ideas, technologies, etc., do you think will most ""stick with you""?"
"2013/07/20 2:28:34 AM GMT","5","4","5","4","5","5","5","5","5","4","5","5","5","5","4","5","5","3","4","4","2","1","2","4","4","5","5","3","4","3","5","3","5","5","5","5","2","4","4","5","5","5","5","5","4","4","5","4","I like learning how to use collaborating tools more effectively."
"2013/07/20 2:43:29 AM GMT","4","4","3","4","5","5","4","5","3","3","5","5","5","5","2","4","4","2","4","3","2","1","2","4","4","4","3","3","2","4","3","3","3","3","4","3","2","3","3","2","5","5","5","5","3","4","5","3","I loved learning about photo editting, online collaborative software like Google Apps,  the App Architect software, and the demotivational posters.

The most sticky ideas relate to motivation, amnesia/fantasia/nostalgia/inertia, and the fact that the kinesthetic/visual/audio stylings of learning are wrong!"
"2013/07/20 4:42:36 PM GMT","5","5","5","5","5","5","5","5","4","4","5","1","5","5","1","3","4","1","4","4","4","2","3","3","4","5","5","5","4","3","4","4","5","5","5","5","5","4","5","5","5","5","5","5","4","5","5","5","The ideas that I learned in class that will most stick with me are:
1. Students come to the classroom with misunderstandings about the material that I am planning to teach them. Their misconceptions effect their current understanding. So if I want students to change their understanding, then I must find out what their misconceptions are and address them directly.
2. If I want my students to remember information, then it is important that they can encode than information, retain it, and also retrieve it when they need it. 
3. When using technology in my classroom, I will aim to use it in ways that will not only enhance learning, but rather transform learning. Thus, I want to see if I can use technology in ways that will modify and redefine the tasks that I am already doing in my classroom. 
4. Knowledge is different than understanding. I want to promote understanding in my classroom, but I need to realize that understanding takes time. "
"2013/07/21 6:32:09 PM GMT","4","5","5","5","5","5","5","5","4","5","5","3","5","5","2","4","4","3","4","3","3","3","3","5","5","5","5","5","5","5","5","5","5","5","5","5","5","5","5","5","5","5","5","5","5","5","5","3","Using technology to differentiate instruction 

Motivation: Gearing assignments to meet the different interests of learners

Assessments: Using various tools to assess the student understanding of topics"
"2013/07/22 5:36:53 PM GMT","4","4","5","2","5","5","5","5","5","5","5","4","5","5","2","3","5","2","5","4","3","2","3","5","4","5","5","5","3","3","5","2","5","4","5","4","5","1","4","4","5","5","5","5","4","5","5","4","flipped classroom, aesthetic learning, Camtasia"
"2013/07/23 3:16:26 AM GMT","4","4","5","5","5","5","5","4","4","5","5","2","4","5","1","2","2","1","3","3","1","1","2","4","4","5","4","4","2","2","2","4","3","4","4","4","4","3","2","2","4","5","4","4","1","4","3","1","The Long Tail affect and implication in education

Praise effort not intelligence

Focus on 3 Factors: Autonomy, Mastery, Purpose

Creativity needs to be N.E.W (novel, effective, whole)

Explore - Create - Share

Start Small & Keep Playing

Be careful about the curse of knowledge"
"2013/07/23 3:37:41 AM GMT","4","4","4","4","5","5","5","5","5","5","5","5","5","5","5","5","5","4","5","5","3","3","5","4","5","5","5","5","5","5","5","5","5","5","5","5","5","5","5","5","5","5","5","5","4","4","4","4","Using my PLN, collaborating with colleagues, utilizing website builders. "
"2013/07/23 3:57:00 AM GMT","4","4","4","5","5","5","5","5","5","5","4","4","5","5","4","4","4","3","3","4","3","2","3","5","4","5","5","3","4","2","4","2","4","4","5","4","4","4","4","4","5","5","4","5","4","4","4","3","I really enjoyed creating things using technology. When I create something it sticks with me if I try to do it again in the future. 

Key Technologies that stuck: using Powtoons to create a video, Pixlr to create a 3-in-1 image, using Weebly to create an online portfolio, and making a Storify.

Key Topics that stuck: Behaviorism/Cognitive Development, Motivation, Repurposing, and Understanding how others think!"
"2013/07/23 11:23:44 AM GMT","4","4","5","5","5","5","5","5","5","5","5","5","5","5","5","5","4","3","4","5","2","2","2","5","5","5","5","4","4","3","4","4","5","5","5","4","5","4","5","4","5","5","5","5","2","4","5","4","Video editing, donors choose, social media"
"2013/07/23 2:03:26 PM GMT","5","4","5","5","5","5","5","5","4","5","5","4","5","5","3","4","4","2","5","4","3","2","1","5","5","5","5","4","5","4","5","5","4","5","5","5","3","4","5","5","5","5","3","5","3","5","5","3","Most important:
 - Video creation and editing using iMovie in collaboration with Camtasia
 - Using Google Docs to collaborate
 - Using Pixlr to layer photographs
 "
"2013/07/23 2:33:51 PM GMT","4","4","3","3","3","5","5","5","4","4","5","5","5","5","2","4","5","2","5","4","1","1","1","5","4","5","5","5","5","3","4","2","4","2","3","4","2","3","3","4","5","5","3","5","3","4","4","1","To use the TPACK framework more transparently!
To use digital photography more! Not just for setting-up the classroom, but as part of the core activity!
To develop, adapt, use the ""pay attention"" series of goals and activities."
"2013/07/23 2:42:14 PM GMT","4","4","5","5","5","5","5","4","4","4","4","2","4","4","2","3","4","1","4","2","2","1","1","4","3","4","4","2","3","2","2","1","4","4","4","3","4","2","3","3","5","5","5","5","1","3","3","2","None"
"2013/07/23 3:34:56 PM GMT","3","3","3","4","4","5","5","3","3","3","4","3","4","4","4","2","3","2","3","3","1","3","2","3","4","4","4","4","4","3","3","2","4","4","3","4","3","4","3","2","5","4","4","4","3","4","3","3","Google Plus - collaboration tool
Weebly / Wiki's
Flickr / Pixlr - managing my pictures 

"
"2013/07/23 8:09:16 PM GMT","4","4","5","5","5","5","5","5","5","5","5","4","5","5","3","5","4","3","5","3","3","1","3","5","4","5","5","4","5","4","5","3","5","5","5","4","5","4","5","5","5","5","5","5","3","5","5","3","I learned a lot of helpful things through the tech tips provided each day (I loved that part of the class).  Aside from that, I learned that giving students a framework and context to a lesson/activity is critical for it to be retained in their memory.  We need to use the students' prior knowledge when designing lessons and facilitating learning.  I also liked the mini-assignment we did with the conflicts in education, editing multiple images into one - I can see using this technique in the classroom."
"2013/07/24 12:05:49 AM GMT","4","4","4","3","2","5","5","5","4","5","5","4","5","5","2","4","4","2","4","3","4","3","3","5","5","5","4","4","3","3","4","3","5","4","4","4","5","3","5","5","5","5","5","5","3","5","4","2","IPad 
Web 2.0 tools 
How learning occurs"
"2013/07/24 3:26:24 AM GMT","4","4","5","3","5","5","5","5","5","5","5","5","5","5","3","5","5","1","4","3","1","1","1","4","4","5","5","5","5","3","5","3","5","5","5","5","5","5","5","5","5","5","5","5","3","5","5","3","Collaboration with others, critical thinking skills, deeper more meaningful connections to the material"
"2013/07/24 10:05:57 AM GMT","4","4","4","4","5","5","5","5","3","4","5","5","5","5","3","5","4","3","5","5","2","2","2","4","5","5","4","4","5","4","4","5","4","5","5","4","3","4","4","4","5","5","5","5","4","4","5","3","Web 2.0 tools, online research skills, and web site construction."
"2013/07/26 5:41:19 AM GMT","4","5","5","3","5","5","5","5","2","5","5","1","5","5","3","4","5","2","4","4","4","2","1","4","5","5","5","4","4","1","5","4","5","5","4","5","2","5","4","5","5","5","5","4","4","4","2","4","storify
video and photo editing
collaborating tools"