"Timestamp","How would you rate yourself (on a 1 to 5 scale, with 5 being ""very confident"" and 1 being ""not confident"") in terms of your competence/confidence with technology overall?","How would you rate yourself (on a 1 to 5 scale, with 5 being ""very confident"" and 1 being ""not confident"") in terms of your competence/confidence in using technology for teaching and learning?","Configuring and synching mail accounts with applications to receive mail (computer, iPad, smartphone, etc.)","Subscribing/Unsubscribing to a Listserv","Creating a list to send email to several people at once","Sending email attachments","Finding copies of outgoing email that I have sent","Downloading and installing software","Using a spreadsheet to create a graph or chart	","Creating a newsletter with graphics, text, and columns","Saving documents in formats so that others can read them if they have different word processing programs (e.g. saving as .doc, .rtf, or .txt)","Using the track changes feature of Word","Cutting, copying, and pasting text within an application and between multiple open applications","Using the computer to create a slide show presentation","Creating a database of information in Microsoft Access","Protecting my computer from viruses and spyware","Editing a digital picture in a program like Photoshop","Creating animation in Flash","Filming and editing a movie using digital video editing software","Creating and editing a podcast (or similar audio segment) using audio editing software","Creating an app for a smartphone","Using 3-D printing capabilities","Working with augmented reality, and/or mobile augmented reality","Using advanced features of internet search engine to find web sites related to my subject matter interests","Finding primary source material on the internet","Creating and posting my own webpage, blog, or wiki with links, images, etc.","Keeping track of Web sites I have visited so that I can return to them later","Using social bookmarking websites such as delicious, diigo, furl, etc","Using the history on a wiki or Google doc","Using bibliographic web tools such as Mendeley and Zotero","Saving documents to ""the cloud""","Host, install and manage applications such as Wordpress, Moodle, Drupal, or Cpanel","Using Skype to collaborate with individuals who are distant from my classroom or workplace","Customizing privacy settings","Using Facebook","Using Twitter","Using Pinterest","Using Google +","Creating collaborative group spaces","Using cloud storage services","Taking and sending photos from a smartphone","Downloading apps on a smartphone","Configuring a device (computer, smartphone, iPad, etc) to connect to a network (wired or wireless)","Using a digital camera to take pictures and transfer them to your computer","Writing a grant (including a budget) for technology in my classroom or workplace","Using GPS navigation tools	","Finding the size of a file on your computer","Getting around firewalls","Please list off several items or topics (around 3-5) related to technology and/or learning that seemed to be most important to you.  What ideas, technologies, etc., do you think will most ""stick with you""?"
"2014/07/22 6:28:03 PM GMT","4","4","5","5","5","5","5","5","3","5","5","4","5","5","1","4","5","1","5","3","1","2","3","5","5","5","5","4","5","5","5","3","5","4","4","5","4","4","5","5","5","5","5","5","4","5","5","4","Using theory to support teaching, motivation (mastery, autonomy, purpose), Learning as a cognitive process"
"2014/07/22 6:28:51 PM GMT","4","4","4","4","4","4","4","4","4","5","5","4","4","4","2","3","5","1","5","4","1","3","1","3","4","3","3","3","3","3","4","4","4","3","4","4","3","4","4","4","5","5","4","5","2","4","4","2","Collaboration and communication technologies
tech tips
class design ideas"
"2014/07/22 6:29:24 PM GMT","5","5","5","3","5","5","5","5","4","4","5","5","5","5","3","4","4","2","5","3","1","1","3","5","3","5","5","5","5","4","5","5","4","5","5","5","5","5","5","5","5","5","5","5","4","4","5","3","I thought it was very important for me to learn how to write a grant, work on a website, and host a webinar. These are all things I may have to do in the future while using this degree."
"2014/07/22 7:27:15 PM GMT","5","4","5","5","5","5","5","5","5","5","5","3","5","5","3","3","5","1","5","4","1","1","1","5","5","4","5","1","2","3","5","4","4","5","5","4","2","4","5","5","5","5","4","5","5","5","5","1","I really loved the focus on incorporating creativity in the classroom because it allows students to have ownership of their own creative ideas and work; it is a simple way to get students interested. I also really appreciated all of the techtips - a great way to introduce teachers to various apps that can be used for teaching. Some of the techie tools I'll remember most and use are Hangout Air, PowToons, Pixlr, and ToonDoo.
"
"2014/07/22 7:40:24 PM GMT","4","4","4","5","5","5","5","5","4","4","5","5","5","5","2","3","3","2","3","3","1","1","1","4","4","4","4","4","5","2","4","3","5","3","4","4","3","3","4","3","5","5","4","5","3","5","5","5","i don't really understand this question. it's so broad. so here are three things that i think relate to this question:
cognitive science
SAMR
the staying power of misunderstandings"
"2014/07/22 11:28:02 PM GMT","4","5","5","5","5","5","5","5","5","5","5","5","5","5","4","4","4","1","5","4","1","1","1","5","4","5","5","5","5","5","5","3","5","5","5","5","5","5","5","5","5","5","5","5","3","3","5","3","- Learning to use several web hosting sites so I can help others choose what will work best for them.
- TechTips were incredibly beneficial!
- Reinforcement of TPACK and Backwards Design.

I will continue to use WordPress and am more excited about it now that I understand more about how to customize it.
I'll refer to my TechTips list often; especially when other teachers come to me looking for ideas of how to reach a certain goal using technology.
I'll continue to ""defend"" the use of technology in education using the TPACK framework."
"2014/07/23 1:41:05 AM GMT","4","4","5","5","5","5","5","5","5","5","5","5","5","5","5","4","5","3","5","5","1","1","1","4","4","5","5","3","4","4","4","5","5","4","5","5","5","5","5","3","5","5","5","5","4","4","5","1","Teaching That Sticks by Heath.
The long tail of learning. The TPACK framework. The importance of fostering creativity. Autonomy, mastery, and purpose being motivators. UDL. The various tech tips. Willingham's Why Don't Students Like School? How to write a grant proposal. iMovie. Storify. Effective use of Twitter and Facebook. How to create a website. Sites for photo editing. How misconceptions need to be brought to light for students to tackle and reconfigure prior knowledge. The power of storytelling. Connecting social studies to the historical peoples' lives. 
"
"2014/07/23 5:35:56 PM GMT","5","5","5","5","5","5","5","5","4","4","5","4","5","5","3","4","5","3","4","4","1","2","4","5","5","5","5","5","5","4","5","5","5","5","5","5","5","4","3","5","5","5","5","5","5","5","5","3","TPACK, Tech Tips (really want to incorporate this idea into required meetings. Think it would be a great and easy way to spread tech tools in a school setting), building a PLN. "
"2014/07/24 4:06:39 PM GMT","4","4","5","5","5","5","5","5","5","5","5","4","5","5","1","4","4","1","5","5","1","1","1","5","5","5","5","5","5","4","5","3","5","5","5","4","5","5","4","5","5","5","4","5","3","4","5","1","social and ethical uses of technology
misconceptions and their role in our learning
motivation and praise 
"
"2014/07/24 4:58:07 PM GMT","5","5","5","5","5","5","5","5","5","5","5","4","5","5","3","5","5","3","4","3","1","1","1","4","4","5","5","5","4","4","5","5","4","5","5","4","3","4","5","5","5","5","5","5","4","5","5","1","Proper integration of technology in the classroom. 
Video editing
Learning theories - how the mind behaves."
"2014/07/24 4:58:12 PM GMT","5","5","5","5","5","5","5","5","5","5","5","4","5","5","3","5","5","3","4","3","1","1","1","4","4","5","5","5","4","4","5","5","4","5","5","4","3","4","5","5","5","5","5","5","4","5","5","1","Proper integration of technology in the classroom. 
Video editing
Learning theories - how the mind behaves."
"2014/07/24 6:35:26 PM GMT","4","4","5","5","5","5","5","5","5","4","5","5","5","5","3","5","3","1","3","3","2","2","4","4","5","5","5","4","5","5","5","3","5","5","5","5","5","5","5","5","5","5","5","5","4","5","5","4","Technology isn't magic
Using UDL 
6 Facets of Understanding"
"2014/07/24 6:38:54 PM GMT","4","4","3","4","5","5","5","5","3","5","5","4","5","5","3","3","4","1","5","4","1","1","3","4","4","5","5","5","4","5","5","3","5","5","5","5","5","4","5","4","5","5","5","5","3","5","5","1","Learning theories and applying them in classroom & online
social media for learning will stick with me
Willinhgam's bood ""Why Don't Students Like School"" will stick with me
"
"2014/07/24 7:04:37 PM GMT","4","4","4","5","5","5","4","2","2","5","4","2","4","5","1","2","4","1","2","2","5","1","2","3","3","4","3","2","3","2","4","5","3","3","4","4","4","4","5","5","5","5","3","5","2","5","3","1","1. Using a website for teaching purposes.
2. Using Google Plus and Google Drive for shared work in the classroom
3. Work collaboratively with a Professional network to get inspired and try new applications.

Danah was an awesome instructor and was so willing to help in anyway!!! Rohit and Jon where also a great completion of professional learning environment  "
"2014/07/26 1:09:53 AM GMT","4","4","4","4","5","5","5","5","5","4","5","2","5","5","2","2","4","1","3","3","1","2","2","4","3","5","5","4","3","4","4","3","4","3","3","3","2","3","3","3","5","5","4","5","4","3","4","1","TPACK, SMAR, video creation and editing, the difference between learning and having a deep understanding, using Zotaro and all of the tech tips, how to effectively design and format an online class.  I hope the website continues to be available to us along with the content so I can come back to in the future. "