"Timestamp","How would you rate yourself (on a 1 to 5 scale, with 5 being ""very confident"" and 1 being ""not confident"") in terms of your competence/confidence with technology overall?","How would you rate yourself (on a 1 to 5 scale, with 5 being ""very confident"" and 1 being ""not confident"") in terms of your competence/confidence in using technology for teaching and learning?","Configuring and synching mail accounts with applications to receive mail (computer, iPad, smartphone, etc.)","Subscribing/Unsubscribing to a Listserv","Creating a list to send email to several people at once","Sending email attachments","Finding copies of outgoing email that I have sent","Downloading and installing software","Using a spreadsheet to create a graph or chart	","Creating a newsletter with graphics, text, and columns","Saving documents in formats so that others can read them if they have different word processing programs (e.g. saving as .doc, .rtf, or .txt)","Using the track changes feature of Word","Cutting, copying, and pasting text within an application and between multiple open applications","Using the computer to create a slide show presentation","Creating a database of information in Microsoft Access","Protecting my computer from viruses and spyware","Editing a digital picture in a program like Photoshop","Creating animation in Flash","Filming and editing a movie using digital video editing software","Creating and editing a podcast (or similar audio segment) using audio editing software","Creating an app for a smartphone","Using 3-D printing capabilities","Working with augmented reality, and/or mobile augmented reality","Using advanced features of internet search engine to find web sites related to my subject matter interests","Finding primary source material on the internet","Creating and posting my own webpage, blog, or wiki with links, images, etc.","Keeping track of Web sites I have visited so that I can return to them later","Using social bookmarking websites such as delicious, diigo, furl, etc","Using the history on a wiki or Google doc","Using bibliographic web tools such as Mendeley and Zotero","Saving documents to ""the cloud""","Host, install and manage applications such as Wordpress, Moodle, Drupal, or Cpanel","Using Skype to collaborate with individuals who are distant from my classroom or workplace","Customizing privacy settings","Using Facebook","Using Twitter","Using Pinterest","Using Google +","Creating collaborative group spaces","Using cloud storage services","Taking and sending photos from a smartphone","Downloading apps on a smartphone","Configuring a device (computer, smartphone, iPad, etc) to connect to a network (wired or wireless)","Using a digital camera to take pictures and transfer them to your computer","Writing a grant (including a budget) for technology in my classroom or workplace","Using GPS navigation tools	","Finding the size of a file on your computer","Getting around firewalls","Please list off several items or topics (around 3-5) related to technology and/or learning that seemed to be most important to you.  What ideas, technologies, etc., do you think will most ""stick with you""?"
"2015/08/10 5:49:12 PM GMT","3","3","5","4","5","5","5","4","4","4","5","3","4","5","3","3","4","4","3","3","1","2","3","4","4","4","4","3","4","3","5","4","4","4","5","3","3","4","4","4","5","5","4","5","4","5","5","3","Using technology for understanding not just fact learning. 
using technology to help foster creativity in a short amount of time.
voice feedback for google drive apps."
"2015/08/10 6:47:17 PM GMT","4","4","5","4","5","5","5","5","4","4","5","5","5","5","1","4","3","1","3","3","1","2","2","5","5","5","5","5","5","4","5","5","5","5","5","5","5","4","5","5","5","5","5","5","5","5","5","2","Digital equity, citizenship, and literacies. "
"2015/08/10 10:08:28 PM GMT","5","5","5","3","5","5","5","5","5","5","5","5","5","5","1","3","4","1","5","3","1","1","1","5","4","5","5","5","5","1","5","3","3","3","5","5","5","5","5","5","5","5","5","5","4","5","5","2","Theories in education, importance of prior knowledge, Creating pictures with text overlay, writing grants"
"2015/08/11 4:09:32 PM GMT","5","5","5","5","5","5","5","5","5","5","5","5","5","5","1","5","5","3","5","5","1","4","3","5","5","5","5","5","5","5","5","5","5","5","5","5","5","5","5","5","5","5","5","5","5","5","5","2","video editing software, educational research and website creation"
"2015/08/11 4:53:53 PM GMT","4","4","5","4","5","5","5","5","5","5","4","5","5","5","1","5","5","3","5","4","1","4","1","4","3","4","4","3","4","1","5","4","4","4","5","5","3","5","4","4","5","5","5","5","4","4","5","3","~Tech tips in general was awesome and great information
~SAMR model with identifying if tech is being used in a transformative way.
~Alternative assessments/projects students could complete without typical test (videos, webpage, blogs, etc.)"
"2015/08/12 1:31:27 PM GMT","4","4","5","5","5","5","5","5","4","5","5","5","5","5","3","3","4","3","5","5","1","3","2","5","5","5","5","1","5","1","5","5","5","5","5","4","5","5","5","5","5","5","5","5","4","5","5","1","video editing, flipped classroom, photo editing, learners, behaviorism, "
"2015/08/13 5:29:34 PM GMT","4","4","4","4","5","5","5","5","5","4","4","4","5","5","3","4","5","4","5","5","3","3","4","5","5","4","4","5","4","3","5","4","4","5","4","5","4","5","5","5","5","5","5","5","4","5","4","3","Loved talking about educational practices theories such as shallow and deep learning.
Video editing.
Discussing misconceptions of the term ""technology"" and how we can change that misconception.    
"
"2015/08/13 9:35:32 PM GMT","5","5","4","3","4","5","5","5","4","5","5","5","5","5","2","3","3","3","5","3","1","2","2","5","5","5","5","4","5","4","5","4","5","5","5","5","5","5","5","5","5","5","5","5","4","5","5","4","I felt that learning about memory and chunking information to prior memory was very useful and relevant. The understanding understanding project really helped with that. Also, I liked hearing about the SAMR model, but I wished we had spent more time working with what we already do and pushing our technology to the redefinition stage. Finally, I liked talking about all the possibilities for inquiry that technology provides. "
"2015/08/13 10:18:02 PM GMT","5","5","5","5","5","5","5","5","3","5","5","3","5","5","1","4","4","1","4","3","1","5","1","5","5","5","5","5","5","3","5","2","5","5","5","5","5","3","5","5","5","5","5","5","4","5","5","4","Editing pictures and video"
"2015/08/14 12:18:38 AM GMT","5","5","5","4","5","5","5","5","4","5","5","3","5","5","1","4","4","1","5","3","1","3","2","5","3","5","5","3","4","2","5","4","4","5","5","5","4","5","5","5","5","5","5","5","4","5","5","2","Flow, formative assessment, designing compelling classroom experiences. "
"2015/08/14 1:19:27 AM GMT","4","4","5","3","5","5","5","5","3","5","5","2","5","5","4","4","3","2","4","3","2","2","2","4","4","4","5","5","5","2","5","4","5","5","5","5","5","4","5","5","5","5","5","5","4","5","5","1","Blogging
Grant proposals
Video editing "