"Timestamp","How would you rate yourself (on a 1 to 5 scale, with 5 being ""very confident"" and 1 being ""not confident"") in terms of your competence/confidence with technology overall?","How would you rate yourself (on a 1 to 5 scale, with 5 being ""very confident"" and 1 being ""not confident"") in terms of your competence/confidence in using technology for teaching and learning?","Configuring and synching mail accounts with applications to receive mail (computer, iPad, smartphone, etc.)","Subscribing/Unsubscribing to a Listserv","Creating a list to send email to several people at once","Sending email attachments","Finding copies of outgoing email that I have sent","Downloading and installing software","Using a spreadsheet to create a graph or chart	","Creating a newsletter with graphics, text, and columns","Saving documents in formats so that others can read them if they have different word processing programs (e.g. saving as .doc, .rtf, or .txt)","Using the track changes feature of Word","Cutting, copying, and pasting text within an application and between multiple open applications","Using the computer to create a slide show presentation","Creating a database of information in Microsoft Access","Protecting my computer from viruses and spyware","Editing a digital picture in a program like Photoshop","Creating animation in Flash","Filming and editing a movie using digital video editing software","Creating and editing a podcast (or similar audio segment) using audio editing software","Creating an app for a smartphone","Using 3-D printing capabilities","Working with augmented reality, and/or mobile augmented reality","Using advanced features of internet search engine to find web sites related to my subject matter interests","Finding primary source material on the internet","Creating and posting my own webpage, blog, or wiki with links, images, etc.","Keeping track of Web sites I have visited so that I can return to them later","Using social bookmarking websites such as delicious, diigo, furl, etc","Using the history on a wiki or Google doc","Using bibliographic web tools such as Mendeley and Zotero","Saving documents to ""the cloud""","Host, install and manage applications such as Wordpress, Moodle, Drupal, or Cpanel","Using Skype to collaborate with individuals who are distant from my classroom or workplace","Customizing privacy settings","Using Facebook","Using Twitter","Using Pinterest","Using Google +","Creating collaborative group spaces","Using cloud storage services","Taking and sending photos from a smartphone","Downloading apps on a smartphone","Configuring a device (computer, smartphone, iPad, etc) to connect to a network (wired or wireless)","Using a digital camera to take pictures and transfer them to your computer","Writing a grant (including a budget) for technology in my classroom or workplace","Using GPS navigation tools	","Finding the size of a file on your computer","Getting around firewalls","Please list off several items or topics (around 3-5) related to technology and learning that you would like to learn more about."
"2014/06/18 3:46:15 PM GMT","4","4","5","5","5","5","5","5","5","4","5","4","5","5","4","5","3","1","2","1","2","1","4","5","5","5","5","1","4","1","5","4","5","5","5","5","2","3","4","5","5","5","5","5","3","5","5","3","Application to informal education
"
"2014/06/18 3:47:06 PM GMT","4","4","3","3","4","5","4","4","4","5","5","5","5","5","2","3","5","2","5","5","2","2","1","3","5","5","5","3","3","4","4","5","5","4","5","3","3","4","4","3","5","5","5","5","2","5","4","2","teacher resources"
"2014/06/18 3:47:25 PM GMT","4","5","4","4","4","5","5","4","3","4","5","4","5","5","1","3","3","1","3","3","1","1","3","4","5","5","5","3","5","4","5","2","4","4","5","4","4","3","2","3","5","5","3","5","3","4","2","2","technology and history related topics specifically
technology specifically in the middle school setting
student created podcasts
flipping the classroom"
"2014/06/18 3:48:09 PM GMT","4","4","3","3","5","5","5","5","3","3","5","2","4","4","2","4","4","2","3","3","2","4","3","4","4","3","5","4","4","2","3","3","5","5","5","5","5","3","3","3","5","5","5","5","3","5","4","3","promethean/smart board ideas
using cell phone for good not evil
running a website companion fro my classroom"
"2014/06/18 3:48:28 PM GMT","4","4","5","5","5","5","5","5","5","4","5","4","5","5","2","3","3","1","5","4","1","1","2","5","3","5","5","5","4","5","5","5","3","5","5","5","5","5","5","5","5","5","5","5","2","4","5","1","Managing district-wide technology needs
Dealing with students who do not have internet access at home (how to make things ""fair"")
Using technology to innovate"
"2014/06/18 3:50:55 PM GMT","5","4","4","3","5","5","5","5","3","4","5","3","5","5","1","4","2","1","1","1","1","1","1","3","3","5","5","5","3","3","5","4","3","5","5","2","2","2","3","5","5","5","5","5","3","4","4","1","Movie editing - technique and recommended software.
Twitter - how to use it (what is with the hashtags?)
Getting around firewalls
Working within databases.
Advanced search features."
"2014/06/18 3:50:59 PM GMT","4","4","4","5","5","5","5","5","5","5","5","5","5","5","3","3","2","2","3","3","2","1","1","5","5","5","5","5","5","3","4","3","5","3","4","4","3","3","4","4","5","5","3","5","3","5","5","5","I'd like to be better at troubleshooting problems I encounter, right now I tend to go to my tech support friend rather quickly and I feel like I need a bit more background knowledge on various tools / internet protocols / whatever it is that a server does.
I'd like to be able to apply the Getting Things Done strategy better...I don't think that this is a technology solution but rather a learning solution. How can I build a schedule / routine that I will stick to? Things I'd like to have more of in my routine: writing blog posts on my own (not for class), exercising, keeping track of websites / reviewing links that look worthwhile.
Okay that's not a list but it'll have to do. Thanks. -jeff"
"2014/06/18 3:52:23 PM GMT","4","3","5","4","5","5","5","4","5","5","5","4","5","5","1","3","4","1","5","4","1","1","1","4","2","4","5","2","3","1","3","3","4","5","5","2","1","2","3","3","5","5","5","5","5","5","5","1","Creating Flash animation
Creating smartphone apps
Getting around firewall
Pintrest
Google +

"
"2014/06/18 3:52:36 PM GMT","3","3","4","2","5","5","5","5","4","5","4","3","5","5","2","3","4","2","3","3","1","1","1","3","3","4","5","2","3","1","2","4","4","4","2","3","4","3","3","2","5","5","4","5","2","3","5","1","student-friendly video recording software

how to track/organize the technology we are introduced to (i.e. there is a lot of it, so if you know of a useful way to organize the technology)

how to use Evernote to collect/manage homework

technology to assist students with research"
"2014/06/18 3:52:38 PM GMT","4","3","5","5","5","5","5","5","5","4","5","4","5","5","1","3","3","1","5","3","1","1","2","4","4","5","5","4","3","5","5","5","5","5","4","4","5","3","4","4","5","5","5","5","1","5","5","3","Motivating teachers/admin and students to use technology for learning/teaching

Instructional design for blended learning/flipped learning classrooms 

Best Efficiency tech tools for teachers and how to use in k-12 environment



"
"2014/06/18 3:56:21 PM GMT","4","3","5","5","5","5","5","5","3","5","5","3","5","4","1","5","5","2","4","2","1","1","2","4","5","5","5","3","4","3","5","4","5","4","4","4","4","4","3","5","5","5","5","5","2","4","4","2","Simulations
Social learning
Visualization tools
Assessment tools
"
"2014/06/18 3:57:32 PM GMT","4","4","3","4","3","5","4","4","3","3","4","3","5","5","2","4","3","1","5","4","1","1","4","4","4","5","5","5","3","4","5","3","5","5","5","5","5","5","4","3","5","5","4","5","1","4","5","3","-gaming strategies that can be employed in education

-strategies to relate(to parents, administration & teachers) the importance of technology in education as a way to prepare students for their future

-technology as a way to enhance the learning process so learning is thought of as an intriguing endeavor

-strategies for creating assignments that give students practice at real-life skills

"
"2014/06/18 3:57:34 PM GMT","4","4","5","3","5","5","5","5","5","4","5","3","5","5","3","4","4","1","1","1","1","2","2","2","2","5","5","4","4","1","5","4","3","4","4","3","1","3","2","5","5","5","4","5","1","4","5","1","Tools: Video editing, video, broadcasting, green screen effect with video, podcasting and vodcasting, Augmented reality and how to incorporate it into the classroom, how to use twitter/pintrest/FB in a middle school environment when students are not 13 and can not have these accounts, where to get creative commons music, videos, and images that they can use on their web pages. I would like time to learn some of the newest free web tools that others are using.  

Research: I would like to know how to effectively research information and limit the number of selections that come up. Last year I spent hours and hours and I feel like I stumbled upon the information I used.  I did not know necessarily if the research was the best and I did not know how to find opposing views to what I was researching as well.  There has to be some tricks to this, so I am not spending so much time and/or asking for help.

Connections:  I would like to know what people in our classrooms are really good at and I would like to get to know everyone.  This is the reason I took the MAET summer class instead of just totally online. "
"2014/06/18 3:58:26 PM GMT","4","3","4","4","5","5","5","5","5","5","5","3","5","5","1","3","4","1","4","4","1","1","1","4","5","4","4","3","4","3","4","1","5","5","5","2","5","3","3","4","5","5","4","5","1","3","5","1","1. writing technology grants
2. using technology in a setting with little technology and perhaps resistance to the use of digital technology
3. using technology to assist students in their own research
"
"2014/06/18 3:59:09 PM GMT","4","4","5","4","5","5","5","5","5","5","3","5","5","5","4","3","4","1","3","2","1","1","1","4","3","5","5","5","5","4","5","4","5","5","5","5","5","4","5","5","5","5","5","5","3","3","5","2","1. The use of iPads in a classroom- I have 2 iPads for my classroom and will probably be getting one more in the near future. I currently use AirServer to project data from the iPad and, on occasion, pass an iPad around for students to take turns on certain apps. How can I make their use more prominent?

2. How to use my new-found ed tech knowledge to help others at my school without stepping on others' toes.

3. Working around firewalls put in place by administrators/technology directors.

"
"2014/06/18 4:11:03 PM GMT","2","3","3","3","3","4","4","2","1","3","1","1","4","4","1","1","2","1","1","1","3","1","1","1","1","3","2","1","3","2","2","2","3","2","3","2","3","3","2","2","4","4","3","3","1","3","3","1","All of these questions are great and I would love to learn about all of them better. 
*Using twitter as a way to send out reminders for my classes.
*A better understanding of legal uses of technology  for the classroom, Making sure I am giving proper credit to specific sight or that  I am not steeling information, etc."